Description,Start Date,End Date,Priority
Meeting with Team A,2023-01-15,2023-01-16,1
Submit Report to Manager,2023-01-17,2023-01-19,2
Client Call - Project Update,2023-01-20,2023-01-21,1
Prepare Presentation for Conference,2023-01-22,2023-01-24,1
Reply to Emails,2023-01-25,2023-01-26,3
Brainstorming Session,2023-01-27,2023-01-28,2
Deadline: Project Proposal,2023-01-29,2023-01-31,1
Lunch with Colleague,2023-02-01,2023-02-01,3
Review Project Budget,2023-02-02,2023-02-03,2
Research New Industry Trends,2023-02-04,2023-02-06,1
Team Training Session,2023-02-07,2023-02-08,2
Submit Expense Reports,2023-02-09,2023-02-10,3
Task Prioritization Meeting,2023-02-11,2023-02-13,1
Attend Webinar on Time Management,2023-02-14,2023-02-15,2
Follow-Up on Sales Leads,2023-02-16,2023-02-18,1
Networking Event,2023-02-19,2023-02-20,2
Complete Coding Assignment,2023-02-21,2023-02-23,1
Review Monthly Goals,2023-02-24,2023-02-25,3
Create Marketing Plan,2023-02-26,2023-02-28,1
Interview Potential Candidates,2023-03-01,2023-03-02,2
Submit Leave Request,2023-03-03,2023-03-03,3
Update Project Timeline,2023-03-04,2023-03-06,1
Team Building Activity,2023-03-07,2023-03-07,3
Customer Support Calls,2023-03-08,2023-03-09,2
Data Analysis for Sales Report,2023-03-10,2023-03-12,1
Organize Desk and Workspace,2023-03-13,2023-03-13,3
Review Customer Feedback,2023-03-14,2023-03-15,2
Finalize Budget Proposal,2023-03-16,2023-03-18,1
Participate in Hackathon,2023-03-19,2023-03-21,1
Client Feedback Meeting,2023-03-22,2023-03-23,2
Respond to Customer Inquiries,2023-03-24,2023-03-26,1
Monthly Team Review,2023-03-27,2023-03-28,2
Update Company Blog,2023-03-29,2023-03-29,3
Prepare for Investor Presentation,2023-03-30,2023-04-01,1
Team Bonding Lunch,2023-04-02,2023-04-02,3
Research and Development Meeting,2023-04-03,2023-04-04,2
Submit Patent Application,2023-04-05,2023-04-07,1
Collaborate on Design Mockups,2023-04-08,2023-04-09,2
Networking Lunch,2023-04-10,2023-04-10,3
Project Status Report,2023-04-11,2023-04-13,1
Tech Conference Attendance,2023-04-14,2023-04-16,1
Prepare for Board Meeting,2023-04-17,2023-04-18,2
Product Development Brainstorm,2023-04-19,2023-04-21,1
Meeting with Marketing Team,2023-04-22,2023-04-23,2
Evaluate Vendor Proposals,2023-04-24,2023-04-26,1
Monthly Team Building Activity,2023-04-27,2023-04-27,3
Review Employee Performance,2023-04-28,2023-04-29,2
Create Social Media Content,2023-04-30,2023-05-02,1
Sales Pitch to Potential Clients,2023-05-03,2023-05-05,1
Update Software Documentation,2023-05-06,2023-05-07,2
Participate in Industry Workshop,2023-05-08,2023-05-08,3
Client Onboarding Meeting,2023-05-09,2023-05-11,1
Team Retreat Planning,2023-05-12,2023-05-12,3
QA Testing of Software Release,2023-05-13,2023-05-14,2
Submit Research Paper,2023-05-15,2023-05-17,1
Networking Event with Industry Leaders,2023-05-18,2023-05-20,1
Employee Training Session,2023-05-21,2023-05-22,2
Respond to Customer Support Tickets,2023-05-23,2023-05-25,1
Interview Intern Candidates,2023-05-26,2023-05-26,3
Company All-Hands Meeting,2023-05-27,2023-05-29,1
Evaluate Project Risks,2023-05-30,2023-05-31,2
Team Building Exercise,2023-06-01,2023-06-01,3
Review Company Policies,2023-06-02,2023-06-04,1
Monthly Financial Review,2023-06-05,2023-06-06,2
Prepare for Quarterly Review,2023-06-07,2023-06-09,1
Design Sprint for New Feature,2023-06-10,2023-06-12,1
Networking Mixer,2023-06-13,2023-06-13,3
Project Kickoff Meeting,2023-06-14,2023-06-16,1
Employee Appreciation Event,2023-06-17,2023-06-17,3
Update Training Materials,2023-06-18,2023-06-19,2
Create Project Roadmap,2023-06-20,2023-06-22,1
Product Demo to Stakeholders,2023-06-23,2023-06-25,1
Onboarding New Employees,2023-06-26,2023-06-27,2
Prepare for Annual Conference,2023-06-28,2023-06-30,1
Content Creation for Marketing Campaign,2023-07-01,2023-07-02,2
Team Offsite Retreat,2023-07-03,2023-07-03,3
Evaluate Vendor Performance,2023-07-04,2023-07-06,1
Monthly Metrics Review,2023-07-07,2023-07-08,2
Submit Patent Renewal,2023-07-09,2023-07-11,1
Networking Breakfast,2023-07-12,2023-07-12,3
Project Closure Meeting,2023-07-13,2023-07-15,1
Conduct Employee Satisfaction Survey,2023-07-16,2023-07-17,2
Participate in Industry Panel Discussion,2023-07-18,2023-07-20,1
Team Volunteer Day,2023-07-21,2023-07-21,3
Task Management Software Training,2023-07-22,2023-07-23,2
Submit Quarterly Sales Report,2023-07-24,2023-07-26,1
Networking Lunch with Clients,2023-07-27,2023-07-29,1
Product Launch Preparation,2023-07-30,2023-07-31,2
Employee Training Workshop,2023-08-01,2023-08-03,1
Prepare for Annual Audit,2023-08-04,2023-08-06,1
Networking Dinner,2023-08-07,2023-08-07,3
Review Project Milestones,2023-08-08,2023-08-09,2
Submit Article to Industry Journal,2023-08-10,2023-08-12,1
Launch the website for beta users,2023-08-11,2023-08-12,1
Client Meeting for Project Alpha,2023-08-13,2023-08-15,1
Compile Monthly Financial Report,2023-08-16,2023-08-18,2
Team Training Workshop on New Software,2023-08-19,2023-08-20,3
Research and Analysis of Market Trends,2023-08-21,2023-08-23,1
Content Creation for Social Media Campaign,2023-08-24,2023-08-25,2
Meeting with External Vendor for Proposal,2023-08-26,2023-08-27,3
QA Testing for Software Release,2023-08-28,2023-08-30,1
Prepare and Deliver Sales Presentation,2023-08-31,2023-09-01,2
Review and Revise Company Policies,2023-09-02,2023-09-03,3
Client Onboarding Session,2023-09-04,2023-09-06,1
Create Training Materials for New Hires,2023-09-07,2023-09-08,2
Networking Lunch with Industry Leaders,2023-09-09,2023-09-10,3
Project Kickoff Meeting for Project Beta,2023-09-11,2023-09-13,1
Data Analysis for Sales Performance,2023-09-14,2023-09-15,2
Prepare Budget Proposal for Next Quarter,2023-09-16,2023-09-17,3
Interview Candidates for Software Developer Role,2023-09-18,2023-09-20,1
Monthly Team Building Activity,2023-09-21,2023-09-22,2
Update Software Documentation,2023-09-23,2023-09-24,3
Product Demo to Stakeholders,2023-09-25,2023-09-27,1
Attend Industry Conference,2023-09-28,2023-09-29,2
Submit Patent Renewal Documentation,2023-09-30,2023-10-01,3
Collaborate on Design Mockups,2023-10-02,2023-10-04,1
Review and Approve Marketing Plan,2023-10-05,2023-10-06,2
Team Building Exercise,2023-10-07,2023-10-08,3
Evaluate Project Risks,2023-10-09,2023-10-11,1
Create Social Media Content Calendar,2023-10-12,2023-10-13,2
Submit Quarterly Sales Report,2023-10-14,2023-10-15,3
Networking Breakfast with Clients,2023-10-16,2023-10-18,1
Prepare for Annual Audit,2023-10-19,2023-10-20,2
Monthly Financial Review,2023-10-21,2023-10-22,3
Design Sprint for New Feature,2023-10-23,2023-10-25,1
Task Management Software Training,2023-10-26,2023-10-27,2
Create Project Roadmap,2023-10-28,2023-10-29,3
Product Launch Preparation,2023-10-30,2023-11-01,1
Employee Training Workshop,2023-11-02,2023-11-03,2
Networking Dinner with Partners,2023-11-04,2023-11-05,3
Review Project Milestones,2023-11-06,2023-11-08,1
Submit Article to Industry Journal,2023-11-09,2023-11-10,2
Conduct Employee Satisfaction Survey,2023-11-11,2023-11-12,3
Participate in Industry Panel Discussion,2023-11-13,2023-11-15,1
Team Volunteer Day,2023-11-16,2023-11-17,2
Task Management Software Training,2023-11-18,2023-11-19,3
Submit Quarterly Sales Report,2023-11-20,2023-11-22,1
Networking Lunch with Clients,2023-11-23,2023-11-24,2
Product Launch Preparation,2023-11-25,2023-11-26,3
Update Social Media Profiles,2023-11-13,2023-11-15,2
Review Monthly Sales Reports,2023-11-16,2023-11-18,1
Implement Software Security Patch,2023-11-19,2023-11-21,1
Plan Team Building Activity,2023-11-22,2023-11-23,2
Develop Training Module for New Hires,2023-11-24,2023-11-27,1
Conduct Market Research for New Product,2023-11-28,2023-11-30,1
Design and Launch Ad Campaign,2023-12-01,2023-12-05,2
Optimize Website Performance,2023-12-06,2023-12-08,1
Hire a Graphic Designer,2023-12-09,2023-12-11,2
Prepare Budget for Next Fiscal Year,2023-12-12,2023-12-15,1
Organize Charity Event,2023-12-16,2023-12-18,2
Evaluate Vendor Proposals,2023-12-19,2023-12-22,1
Update Employee Handbook,2023-12-23,2023-12-24,2
Launch New Product Line,2023-12-25,2023-12-30,1
Conduct Staff Training on Cybersecurity,2024-01-02,2024-01-04,2
Review and Update CRM System,2024-01-05,2024-01-07,1
Recruit New Sales Representatives,2024-01-08,2024-01-10,2
Plan Annual Company Retreat,2024-01-11,2024-01-15,1
Develop Content Calendar for Blog,2024-01-16,2024-01-18,2
Implement Green Initiatives in Office,2024-01-19,2024-01-21,1
Conduct Customer Feedback Session,2024-01-22,2024-01-25,2
Upgrade IT Infrastructure,2024-01-26,2024-01-28,1
Design and Print Marketing Collaterals,2024-01-29,2024-01-31,2
Create Quarterly Financial Projections,2024-02-01,2024-02-03,1
Organize Team Building Offsite,2024-02-04,2024-02-06,2
Develop Training Program for Leadership Skills,2024-02-07,2024-02-10,1
Launch Social Media Giveaway Campaign,2024-02-11,2024-02-14,2
Evaluate Employee Benefits Package,2024-02-15,2024-02-17,1
Conduct Market Analysis for Expansion,2024-02-18,2024-02-20,2
Update E-commerce Platform,2024-02-21,2024-02-24,1